scene_id,num_lanes,num_lane_boundaries,num_road_boundaries,num_crosswalks,num_stop_signs,num_speed_bumps,has_dynamic_lane_state,num_objects,num_moving_vehicles,mean_vehicle_speed,p90_vehicle_speed,heading_dispersion,num_candidate_interactions,num_lane_changes,num_merge_candidates,num_crossing_candidates,num_turning_tracks,mean_min_ttc,mean_min_thw,parallel_lane_ratio
19c4d7abfe777671,41,86,23,0,0,0,False,42,42,15.928055057642778,26.74961304161909,0.8166237359310182,18,15,6,0,0,8.293573569126742,2.545002146533376,0.8584667228306655
1df4ba4519345108,164,332,44,2,6,9,False,61,42,12.046474156961231,17.257248645779953,1.4445775018292626,21,9,10,0,3,1.5274578336909979,5.292288427828025,0.6097560975609756
28a0d572e637cda3,87,153,29,3,5,10,False,25,3,5.739873766150487,8.360551477420303,1.0543696024100184,0,2,0,0,2,0.0,0.0,0.4555256064690027
2dbe118c0651a20c,61,163,46,0,0,3,False,55,55,23.646375121527203,32.30353734983028,1.2751644162141509,18,15,11,0,2,4.784701325955164,1.384046982142505,0.688212927756654
40d044264f531612,80,156,37,4,11,4,False,43,7,6.710388659917758,12.930676791910129,1.287923160701851,5,2,1,0,2,12.376787818117057,2.301609966805835,0.011185682326621925
4492226c507e3c3,76,119,21,5,7,4,False,45,3,5.2477061440760915,9.17279229728738,1.4580464402125717,1,1,0,0,2,0.8708608751536566,0.7651081546838052,0.1951219512195122
469213066d37224b,197,313,37,3,4,13,False,43,16,15.496077184195805,21.30452216024775,1.0826630666390222,24,7,0,0,2,0.7805566108139468,1.0530885537637953,0.7393939393939394
54b3cac73bc327,112,197,45,3,4,6,False,11,11,21.974671520159013,24.16555229713101,0.48952296963481756,4,5,2,0,0,5.033381199497644,2.645286201666105,0.9435783221974758
54c1c7f5242d4dd0,498,795,93,9,5,24,False,92,18,14.717595820594996,23.43823383368636,0.8632271017776039,16,8,5,0,3,0.8858404535005615,1.1687744721301456,0.7034267912772586
5a1a82c06ad555e6,45,74,39,0,4,3,False,7,3,6.154266647433426,9.309791412285719,1.376800507180365,1,2,0,0,2,1.4849615938734375,1.9385545360652001,0.03514376996805112
64fb0a891064cae3,83,212,19,1,7,0,False,33,11,5.317356601084345,10.034700411501282,1.1763647675902578,2,7,0,0,6,1.8944915743596153,1.8448779472819887,0.023178807947019868
682b403f32ae791d,94,208,32,6,7,1,False,44,16,5.25677469318513,10.264115222433926,1.9055110549244925,18,14,4,0,8,1.8627172394503648,2.509079827845449,0.3457008244994111
7138192178387d47,48,158,47,0,0,0,False,72,61,30.165456471165747,34.833417966039434,1.3205015062373995,15,10,7,0,1,6.2260384270740605,2.140326286338943,0.7075125208681136
7229e070a1ad1e68,94,210,33,6,7,1,False,42,6,5.5474569777200715,11.290413154449842,0.7434547499791432,1,3,0,0,4,2.0526747348352297,0.7861652970746922,0.26324786324786326
7320f86daa59e91b,49,128,37,4,1,0,False,80,80,12.332353324115505,23.79975427853336,1.0210966652054918,74,34,24,0,0,7.298314832379053,1.8410407322292193,0.7946780034640214
732710548d56f488,42,92,22,0,0,0,False,243,207,7.666868095827714,20.24337307936253,1.4208069775851906,56,30,24,0,1,10.778527404981324,3.2471880362238332,0.6317194937884593
74bfc72e48c5482d,69,120,32,0,4,1,False,15,5,5.370482778507852,11.322464077248185,0.8108844053892513,1,3,0,0,3,2.0883241778850863,1.430965377267983,0.024263431542461005
77fcc94d730de9f3,197,287,42,1,7,9,False,32,29,19.624206208543722,22.946534588673938,1.8126089875303117,26,8,5,0,0,3.4479053258076258,2.158738218824946,0.5887512899896801
7a54fd19967b3942,89,205,36,6,8,2,False,23,17,4.595443976642407,10.5245070448484,1.6600347718812833,8,6,1,0,6,1.7495023152621285,2.768552170520728,0.0065170166545981175
7c3b683290cf37bd,37,92,28,0,2,3,False,77,77,16.324838075478127,27.750941795368522,1.450176314428955,26,60,5,0,2,8.791435823493645,1.9453421174912564,0.6560283687943262
7e697163f414229,68,184,16,1,7,0,False,24,17,6.745541455326669,13.265591589458268,1.9363435741122992,6,10,4,0,9,6.529155609535487,1.133778379859052,0.013623978201634877
7ef35727f3ca0eac,115,192,46,2,5,5,False,33,21,18.416877494720733,20.129799734948396,0.9371625122881203,15,4,4,0,0,6.652885224932743,2.227946240664991,0.8223140495867769
810e636b39bb09db,89,174,30,1,2,1,False,31,9,6.200443308907871,12.180673937341288,1.0568171118576974,4,6,0,0,4,0.8121020469552364,1.4541170152129839,0.06231454005934718
83c68a5d9d50fc70,107,204,56,2,3,3,False,21,18,19.45734500612553,20.952037632297383,0.9636256899384972,19,3,2,0,0,1.669259447211364,0.8300060020469141,0.8143063583815029
8da6d89f0941513b,75,108,31,0,5,1,False,33,13,14.347237529586591,19.972973626728436,1.894978735090411,13,4,5,0,2,5.252760086282449,2.543110136634819,0.014373716632443531
8e0bd84e00c5fe8a,89,175,29,1,2,1,False,31,8,7.443161409906487,13.362882881283772,1.8663759812993483,9,5,1,0,3,0.7817132058190663,1.6950795687285778,0.0012853470437017994
968516ed51a12cb6,65,115,23,3,6,1,False,26,20,3.538075904395335,9.23263656208782,1.6084421862756333,32,8,5,1,6,9.827092734862138,4.099767927995886,0.010461538461538461
982592f43405ae08,236,428,91,11,10,8,False,21,6,9.787998332494992,13.979850524455983,1.5036998228757064,4,4,0,0,2,0.6269342284782798,0.5677392189529825,0.01618705035971223
a79f3c9f6dc9b99e,26,66,19,0,0,0,False,68,68,17.726060467162256,29.80286970191293,1.1283969352662764,33,47,29,0,0,6.06197476472581,2.1325172774748666,0.7626903553299492
a910ec08b3468797,41,56,32,1,3,4,False,22,6,4.0708219532481795,8.62241992585266,1.411241617946381,5,4,1,0,3,0.8201251528967228,3.2389089546790735,0.01744186046511628
acac6fd2c48fdc23,114,225,15,1,5,3,False,51,42,20.014988099797048,22.030158766709427,1.3065392056568292,14,7,7,0,1,2.18815381158249,0.9992469602389037,0.7129755434782609
b7804566fbfe2923,288,546,81,10,14,9,False,95,48,11.133823549086804,20.55716253420008,1.3867631591454457,21,13,15,0,3,1.785488229524951,2.502546010341478,0.631578947368421
b94adb4d0b1e8cfd,117,240,43,8,3,0,False,20,8,8.696255375816854,12.765628586345615,2.865069875938496,4,3,1,0,1,0.7255830575166342,3.1548610741321577,0.012903225806451613
c3be4af1aef8a3eb,60,113,21,1,4,1,False,54,33,6.9261635362427345,18.608735743554142,0.9412035232886209,50,8,9,0,1,9.887995750346885,4.93072195738475,0.8103398199244845
ca841cf229bed72a,444,706,64,7,7,2,False,30,11,17.230628792826796,21.847837339622092,0.4944700862297168,18,4,4,0,0,4.199211690057075,2.332970869276453,0.9424749163879599
e198c45ebaabca61,87,115,22,1,6,2,False,47,12,5.18937287920489,12.304720908462112,1.3250630417870806,13,3,2,0,1,1.4697653827241004,3.5501136280473413,0.042642140468227424
e56bd4436f99ac9c,181,361,60,6,6,11,False,20,12,16.04166254803821,20.997159407805167,2.068595546787407,6,1,2,0,1,0.46748159537660583,0.520569513001048,0.0
e66753766ed4c5ca,61,170,36,4,2,0,False,58,54,13.070009993114986,22.11742312818778,0.7721196526939155,51,22,10,0,2,6.444101907714863,1.1774225006468086,0.8308823529411765
ebaf7ce728897640,101,228,43,1,7,0,False,68,10,3.535595555839576,7.864503207440656,2.1760593264584096,4,5,2,0,3,1.1337544431183555,2.5456891234122545,0.00644468313641246
ffcc76e4a42a2262,36,85,25,0,2,3,False,63,62,13.311490338742555,27.593471863471258,1.1552216399235762,43,48,5,0,3,5.1509360057597275,1.9058609704263907,0.7217815741305674
11957390619f698a,84,180,33,6,7,3,False,18,7,6.361165243494463,11.476461496684893,2.058932599534982,4,3,2,0,2,1.3159646611924392,1.1741546580127928,0.05084745762711865
177642eb12d0a0,161,307,27,10,7,15,False,71,23,5.06970027520007,10.881088308612389,2.3578102930910725,28,7,5,2,5,7.712371248492977,4.152058229701962,0.004893964110929853
20c63adc106e0cf0,122,207,18,3,3,1,False,8,8,7.077869948410816,10.135494576066037,1.7712375477082885,11,7,2,0,6,1.1922086093770219,1.6068699964709459,0.03696682464454976
2d77250798e8bf94,74,80,44,0,6,9,False,50,5,6.778196659505072,11.033498930719068,1.3246113862816757,2,2,0,0,4,3.1831096778615047,1.7849076811672346,0.0
3212552649a27508,381,606,107,10,12,18,False,37,12,18.167158412572853,22.544937870105645,0.8586655708964859,2,7,3,0,2,0.9457975271603477,0.3042318368699545,0.8027750247770069
3677dc48cac2d4ac,38,115,22,0,0,0,False,75,75,22.526015388793592,33.203477903636575,1.2321220182404418,28,25,30,0,0,2.0850360913349713,1.0476432110679215,0.7341197822141561
3adc18181d707f11,183,318,63,14,5,4,False,66,32,19.140320650275942,22.8172007304801,2.11289476422537,4,1,4,0,1,2.1637481072908384,5.091241199479027,0.0
3beeb5e3882e44dd,205,355,59,16,4,3,False,38,14,20.324890711650575,22.64365108252965,0.31148485010945687,8,5,3,0,1,3.313209215014606,1.4199227249401503,0.9619095987811072
3dfd7cf1c131d2e5,74,122,30,0,6,8,False,17,8,9.776121445444808,22.26008395573881,1.2051476028198798,3,3,2,0,2,1.370853272671163,4.243248530231448,0.010914051841746248
3f6adba57cec41be,66,134,35,1,3,2,False,9,9,10.89769568467597,20.63709060408031,1.4497475765257994,0,5,1,0,3,0.0,0.0,0.3085399449035813
62ec9802d0a3cebc,83,104,37,0,5,5,False,21,4,6.34498059059625,10.069422487703322,1.1341493060503423,0,2,0,0,1,0.0,0.0,0.07317073170731707
62f04296e17fb240,29,80,23,0,0,1,False,83,80,9.99726534853014,21.99833617427933,0.7008878651946476,48,21,22,0,4,6.689177386504969,1.8329382549163622,0.8277212216131559
6a52a6971df52365,72,104,41,2,7,5,False,37,11,4.8473029806374885,10.444413533752723,1.262740286935545,6,5,0,0,5,1.4497471214815878,3.189563744394223,0.007588532883642495
75276778631d4916,50,111,28,5,4,2,False,66,4,4.418416884950693,7.993379466018702,0.8917551220583115,0,3,1,0,2,0.0,0.0,0.014462809917355372
75c0cd4938fce128,44,74,18,1,3,4,False,4,4,7.252508936784555,11.214479489020892,1.1006501662295962,3,3,1,0,2,0.5726228009387263,0.5508643912303629,0.021897810218978103
760fef5c39d41502,115,178,38,0,5,10,False,24,20,12.014032109703011,16.137927335381757,0.5617349664760266,18,3,5,0,0,1.2039222940163559,0.8979421760703956,0.9175694771549694
80951b1dfb607529,37,73,22,4,3,1,False,25,3,8.351528024999686,14.714854693429972,0.7612265963381918,0,3,1,0,2,0.0,0.0,0.037894736842105266
828b0e67d8f430c8,30,93,20,0,0,0,False,130,130,10.272945312306932,21.56562450825174,0.801201271123127,36,42,33,0,5,4.215238567034926,2.32347932051622,0.7415953355663069
889181e0a71acb0d,41,59,25,2,3,5,False,18,8,4.111815704255222,10.920690573068914,0.9281961705773947,2,2,1,0,2,5.524334023458955,5.498027983642812,0.016355140186915886
89bd6f119f5ecc4b,319,484,58,6,3,19,False,43,8,12.822817146796266,18.36395596106784,1.0468402571671327,0,1,0,0,1,0.0,0.0,0.025522041763341066
8cdea112e75749f4,46,176,52,0,0,0,False,56,55,29.343737675962878,32.12049998553079,0.8635927571300507,12,13,2,0,7,7.747778405946295,2.627214193891115,0.7273069679849341
92fff3a34775f839,75,84,29,0,6,2,False,16,4,7.290111641005697,12.489890502394116,0.7978061801823025,0,2,1,0,1,0.0,0.0,0.02349869451697128
95ce00daa6d94fff,544,858,111,6,7,27,False,75,28,18.41757991167846,21.088691336130047,1.2501809280338696,19,6,3,0,1,7.044451857455302,1.8333758752292197,0.7241040746195385
974759b1b4c7fe05,36,75,19,2,0,2,False,38,36,5.896920122698966,19.52359661824637,0.8494256409318245,23,9,7,0,0,11.22579873687886,5.755912405636735,0.8486156972313945
9f0f43887d2cb403,323,516,75,8,7,7,False,43,34,16.23616987034273,20.532362421482656,1.6152906525961928,24,4,9,1,1,3.2444386274554287,3.1892307876785715,0.6053736356003359
a45791d605360792,80,80,21,0,7,4,False,16,3,7.732527670186641,15.691803604044386,0.8827385423295259,0,2,0,0,2,0.0,0.0,0.02346041055718475
a936ea791b61b487,193,300,36,6,2,7,False,20,16,10.487023609829858,19.204879202740834,0.8313121441224882,10,8,6,0,0,1.4149342620458065,2.9879007175711427,0.8540223761321257
ab603a641127e623,90,157,23,2,3,0,False,30,23,7.947633201338384,14.60816683147539,1.516172544343796,26,7,5,3,2,4.338703884645956,3.0577283014483774,0.0019011406844106464
afdca054e79d8356,48,70,35,0,3,9,False,32,6,3.2988783760647125,6.109398689985921,2.2452196372111732,0,3,0,0,5,0.0,0.0,0.01384083044982699
ca88be48ab483ca5,44,93,31,0,3,0,False,26,21,5.611795609054719,11.30811990255573,1.711827674286536,9,14,4,1,10,1.8146870812599407,4.24221258646837,0.037520391517128875
cae4f537b2392e3c,55,144,20,1,0,2,False,22,21,16.47034753209234,19.297932695140677,0.8987230337380014,3,10,8,0,1,2.1303402913507234,3.5037277563706173,0.8326567433468651
ce878829a223821a,263,372,32,4,3,15,False,33,9,11.177492428475484,20.341671223251865,1.3980867276260092,7,2,1,0,2,0.5534666960034399,2.0720604643529157,0.01092896174863388
d56e789012d54f39,97,155,31,2,7,1,False,25,6,6.074998634235225,10.123500050015346,1.4181616032504283,7,4,2,0,1,2.623104740600772,0.9962406101060646,0.026615969581749048
d5c254a4ff579311,129,254,40,0,1,5,False,61,11,9.52724742998686,19.063258044844062,1.7582228978913994,2,4,1,0,3,0.6993207895708096,0.7786834562651986,0.10377358490566038
e0ce8836ef8c041d,56,117,27,4,6,0,False,25,18,4.3336003473378675,10.253125260901571,1.6819149074413946,17,5,2,0,2,1.6152949826965601,4.382128700221151,0.002858776443682104
e3a7fe676c66eead,90,174,28,2,0,5,False,54,46,8.151953981637478,18.275072885395534,1.2393589674533023,18,8,8,0,0,17.229909216499863,4.102216191270724,0.7319925163704397
e6734cfc556a8e9e,84,160,28,0,1,0,False,76,76,19.80503117417491,31.927246725756184,1.0670014285462168,13,13,14,0,0,1.6036502779949908,2.7634605376302286,0.7830279652844745
ef0a4af6e7b41ebb,200,330,28,3,4,8,False,14,11,11.025057682147132,20.22234030076146,1.6450810738643644,7,7,4,1,2,0.8324491417628986,0.6035422271316616,0.0
f298f93c9f89d392,129,157,44,0,4,5,False,7,5,20.86354579547336,21.960385689586673,0.7496720171814412,0,2,1,0,0,0.0,0.0,0.8775137111517367
f5922104e8b83071,171,386,85,2,1,33,False,72,8,6.820230866434035,10.430385399076075,0.9377486450570288,3,3,1,1,1,3.706438467006311,2.3645413163379154,0.018475750577367205
f8fe3c5e14ee7541,54,100,12,0,3,0,False,34,10,7.8013497943834595,19.90927003068924,1.6677333966245964,2,2,0,0,3,1.2882896451562442,0.7602893704276821,0.0018018018018018018
18ffd71628682ee5,49,101,23,3,5,1,False,65,5,3.803743788826237,6.909213547910072,2.234710661582336,1,2,0,0,2,1.1140436173577182,1.404370941423771,0.03547671840354767
2b025facb1dd0ace,162,329,54,3,4,1,False,42,21,15.459947475037724,18.7209522760755,1.2287542349950844,10,6,6,0,0,1.1472658102024778,1.3209968135616124,0.7303149606299213
2b5642417fc68b2,187,276,61,2,3,7,False,16,11,17.64239824155144,20.38843809962796,0.4737410112194064,8,4,4,0,0,6.553323936654985,1.5558926848102932,0.9273291925465839
2d58fbd250cd452a,76,137,33,5,10,3,False,20,3,3.645623920290457,8.035622701721731,0.7937695916628263,0,2,0,0,2,0.0,0.0,0.6421052631578947
3045db0ec98c21ed,96,209,38,6,8,3,False,29,15,4.742299000614166,11.095805266331057,1.7852983336967905,23,9,1,0,8,3.9501013130076315,2.3779216663314364,0.0011376564277588168
3145dd48feb8cb2c,32,136,23,0,0,0,False,34,34,32.8943095953244,35.62636833283719,0.9397255399731888,4,12,7,0,7,12.50569756149861,0.14610067364100443,0.6845459373340415
31ee78852e455e38,47,132,17,0,0,0,False,17,17,28.40514025742236,33.81899067049517,0.012712604965061752,22,9,9,0,0,4.555007025798498,1.5247731363409522,1.0
37ab4b2cffb99719,25,59,13,0,0,0,False,68,68,9.50881511017269,28.50382028122964,0.841849427369616,39,40,14,0,0,7.62399193043517,3.3530544593873537,0.8509928249624562
3e3c55313d201a8b,394,766,47,7,0,12,False,59,6,5.698004136407264,13.229403238933156,1.1032170735017839,1,2,0,1,2,1.750005173164299,2.140642319947297,0.07157894736842105
6355abe439b48396,32,94,19,0,0,0,False,95,95,16.41361367962674,30.603398586746025,1.2302073996231746,33,27,35,0,2,3.4906274263926282,1.8081115977279227,0.7323970037453184
67bf40d0876a0d63,14,47,14,0,0,0,False,108,105,16.44023690701524,31.100491796736595,1.0660121431727814,14,8,14,0,1,4.308966922084923,3.78239727056116,0.7623349548297429
690b8d2310bd87ef,100,127,37,0,8,8,False,14,2,8.643108282312486,15.388043246135883,1.4737287200719291,1,2,0,0,2,2.1605249764364376,3.2069089155734662,0.024390243902439025
6a102ec0f96b077b,162,276,62,0,3,10,False,39,13,8.514881260332665,16.867508605799575,2.104809256291571,1,4,1,1,3,1.1474267716665445,3.247861833617743,0.0
6c65b4a56d0e644e,37,92,26,0,2,3,False,50,47,11.637093546464264,28.711554000547764,0.7301847081592213,45,36,5,0,2,3.0655025358359933,2.5492199066894354,0.8137819774141507
7381abfff7afb360,32,69,24,0,1,4,False,32,9,4.319784499308318,8.805785264865886,1.182721309545318,1,4,0,0,6,1.9739473966290126,1.1567593293453038,0.3696682464454976
85f1190371bb620d,119,170,43,0,4,9,False,23,20,8.327503422384027,17.116230684735854,0.4750038852353314,26,0,3,0,0,4.268026084695313,2.5591477678464924,0.9359726295210166
8aaf86a47cf80f32,65,203,53,0,0,0,False,40,40,28.64380547039273,33.51027533266993,1.1301320331423965,11,27,15,0,10,2.3220042884816143,1.1285326420951813,0.31877362452750946
8bab8708eba53289,111,176,38,1,7,5,False,18,14,8.93833715309693,20.041232917927406,1.481288149450259,1,3,0,0,4,21.001801252169525,10.0,0.017452006980802792
8d53f0dbf46d8c16,80,48,32,0,6,12,False,25,3,5.42035834846664,9.382882373819347,1.0789008456418308,0,2,0,0,3,0.0,0.0,0.2004950495049505
8d610f10711a33b3,179,312,67,3,8,13,False,14,12,20.922306220967883,22.885284503756026,0.42649074050730984,5,3,3,0,0,7.326363851464146,2.228411671456963,0.9565476190476191
8d6c907f6bc7f10f,96,146,44,0,8,12,False,28,6,7.103078076951854,12.338141501950657,1.6922165328981356,4,5,1,0,2,0.8528914370661268,1.1365181260424335,0.3960843373493976
90142c2e706fa20c,39,96,28,0,2,3,False,55,55,13.632831358865275,27.760428950486435,1.1305803695168417,40,43,4,0,2,10.464538849923034,2.5385860087656775,0.7205438066465257
99a641f7ecbd40cb,72,105,55,1,7,9,False,43,2,6.096201163192939,9.088242270466171,0.679586480889397,0,2,0,0,1,0.0,0.0,0.017948717948717947
a196d21f8a6eaac3,33,41,21,0,2,3,False,47,7,2.762853048693797,5.893640423366027,1.3345055111330717,3,4,1,0,5,1.5933237177788808,3.886611244531533,0.2711323763955343
a8b3020e2dd90ac4,224,353,73,0,12,7,False,26,21,18.68830441058909,22.645416581666606,1.0934729170637147,11,2,4,0,0,6.940988452045797,3.659185622186055,0.7658227848101266
ae0da86cc0e49596,94,131,43,2,2,8,False,39,4,6.155713942522043,10.225928543252621,0.8315119396613118,0,3,1,0,1,0.0,0.0,0.012195121951219513
afcd9b7197a1156c,178,311,37,4,10,9,False,31,5,5.124940198745924,11.97446371654857,1.3611036471065232,1,2,0,0,2,2.9661283486715306,2.166998784750917,0.011419249592169658
b00b78525d3d786c,200,325,52,0,9,5,False,15,14,15.970327632080396,19.794465716764638,0.9623752425111722,8,2,1,0,0,8.224173497093464,1.5337770113319897,0.8146520146520146
b083a68405595918,178,336,60,3,5,5,False,13,12,20.418629413925654,23.178712994720257,0.7118371919496377,4,6,0,0,0,1.837215999815283,2.6292767431755526,0.8881431767337807
b5d66f0055ca660,223,406,77,8,2,5,False,119,119,20.78322746182435,27.884945389417886,2.2102931682887306,30,14,16,0,1,7.682957746681732,1.25293815881042,0.543421543048826
bf3faef9c5250e06,151,224,61,0,7,7,False,23,20,19.158924749925347,22.205706573505434,1.0213621793009182,13,5,5,0,1,5.082155121201268,1.0595204353640477,0.7805662805662805
c3b0ffe115bf94a5,129,219,59,0,9,6,False,3,2,7.471348791699337,10.501349991753965,1.4451183342463634,1,2,0,0,2,0.7457593830292804,1.362603092106692,0.2398753894080997
c5c2cee1fa606e35,61,103,26,4,6,2,False,40,4,6.653893254414659,11.133813174477295,1.2605886077686874,1,2,0,0,2,1.1494414832079516,2.8638879515244478,0.32891246684350134
c62a1a54d02894f9,65,80,36,0,5,5,False,8,2,6.276779771209057,11.065803540907167,0.62136757304152,0,2,1,0,1,0.0,0.0,0.1893939393939394
ce23df2346d80ab0,78,133,26,2,3,0,False,44,19,18.790954242985734,22.539319126089836,0.9809425978854619,15,3,0,0,1,0.7187103711601242,0.26288460603657593,0.8029197080291971
d309f1f1fb60693,310,508,57,3,9,4,False,96,45,12.692233838575442,20.330973979525126,1.54420937422957,10,5,10,0,3,20.374067963303357,2.282028693425545,0.0
d3731fa9ed434d71,24,91,20,0,0,0,False,74,73,12.209427029571428,30.59285479348321,0.9075935625837217,6,42,22,0,5,13.713277251065788,5.127992008873582,0.8225308641975309
d71e2ae879bc9743,62,108,26,0,3,3,False,29,22,18.072723709554428,21.757784138975122,0.7045933253487173,23,9,5,0,4,2.88180747206358,0.8901256947303028,0.8509042787825319
d993c1a825d86d01,159,311,36,2,3,12,False,9,9,7.430345829741861,13.879277073344188,1.7401275675537795,1,6,1,0,3,2.123769388499969,1.5744524784919003,0.07567567567567568
da69040b2ab262ba,104,123,46,0,7,5,False,39,7,6.275074763959496,10.625117866609077,0.6948651759681684,1,3,0,0,2,3.0106450638012636,2.6190690447719254,0.5026833631484794
ea73874c6ff48051,45,75,40,0,4,3,False,10,2,5.714696524812986,9.77007107111204,1.3349789465552244,1,2,0,0,2,1.5528603179421832,2.6523246950613824,0.2884012539184953
ebaecf81c4ae5abc,57,139,44,4,1,0,False,76,76,14.927807497859119,29.073162869856223,1.1110653714154382,21,13,15,0,1,6.4159415092718195,2.8839084892519815,0.7697652132247245
f1354d461bd7ebef,165,279,52,0,9,11,False,21,15,19.834166299670184,21.780375612974023,0.7633943808464614,13,5,5,0,0,1.2674153248901991,1.031128532007013,0.8736231884057971
f2caadfbc89ad0f3,45,112,14,4,0,0,False,63,62,7.163010146005881,14.547414558231155,1.795386609982479,32,10,15,0,0,11.474170516584376,4.648420818283108,0.5988980716253444
f6c22160d3f35141,85,53,37,0,6,11,False,23,3,6.007585734672685,10.048068770434394,1.07154463296861,0,2,0,0,2,0.0,0.0,0.3953488372093023
f7be4abf8aafb83b,25,61,15,0,1,0,False,147,140,4.969530438647286,7.5204481163982715,0.14184030749156198,40,6,7,0,0,9.684990949431977,4.602594110255228,0.9897722886916248
15f7b183d4b7ee0c,15,37,14,0,0,0,False,54,54,16.45724532822992,28.004814835513223,0.8065761514249852,10,9,14,0,0,7.0067996806013255,2.264178640882031,0.8611978427476582
168b19d59ae685e0,126,178,41,0,6,11,False,20,13,15.808161200178198,21.10081121264373,0.441062905895149,14,5,7,0,0,1.426577498718949,0.36832653793127046,0.9350393700787402
17f393e4e1f77f9e,119,312,54,5,6,1,False,43,41,6.685048200248028,13.416143123582867,0.8002559424724308,50,31,4,0,20,5.578993091083497,2.2420414468307843,0.154337899543379
1a9e72ec80c154e7,110,278,43,1,0,0,False,109,105,26.84741429218144,30.902266022669966,1.764336561916673,16,10,10,0,1,10.56686659743987,2.0559235698836207,0.6015215110178384
1b254a843598dc5f,31,81,14,0,0,0,False,45,45,8.072153093285651,11.216846603455943,0.4772629577198934,61,21,18,0,0,4.974496935355981,2.6712660570724807,0.9463747740510142
1eb6ffb055e76e0,398,658,67,5,9,7,False,126,27,9.187658933870175,17.038099265747277,0.5410142762375595,35,6,2,1,5,4.628036088506096,4.030361820034539,0.8733475479744136
2bce28a3897251dc,112,188,31,9,3,4,False,75,11,3.9517340920187367,9.500507154113466,1.3253386602635244,0,2,0,0,4,0.0,0.0,0.33277310924369746
3c8da021fb0dc505,33,77,31,1,0,0,False,105,105,19.54999859189312,32.524159657586814,1.438658265663936,13,10,30,0,7,8.849082240331361,5.577965342243118,0.312406576980568
3caf2bc7d03b6def,64,151,28,1,4,12,False,33,20,7.784023859674175,17.32783052744068,0.7420046602744036,13,5,1,0,5,2.349141543464024,2.4215159294234145,0.11515940143135979
408e7f498a7aae46,143,233,35,1,5,5,False,40,15,18.044949865593203,21.57932143562502,0.7432714903314779,14,7,5,0,2,2.1631114723759715,0.33128186534753196,0.8600148920327625
462012deec453596,77,74,42,0,7,8,False,21,4,5.443230597222759,11.229473049427417,0.9680423823189224,0,3,0,0,3,0.0,0.0,0.025925925925925925
4916e4d476ae56eb,53,94,51,7,9,2,False,78,78,21.7428966751573,27.734392503611993,1.4743250800573426,31,56,13,0,14,4.917140892448784,1.8462531957295765,0.20670115792067012
530d999edb9c3ccb,111,191,24,0,3,9,False,54,12,9.642691177402323,18.809353416862752,1.4846347562303102,5,6,2,0,4,1.76037397828321,0.9309713925631261,0.064
53a4bdd28846b7da,106,166,48,4,8,4,False,33,18,13.608020981851142,22.23271563079571,1.3733839019129723,5,2,4,0,1,2.9581375036269244,4.608403301192231,0.0
59064a79dc720751,86,99,27,0,5,5,False,26,6,3.80487104925447,6.66726189181385,0.9325117707397196,0,3,0,0,5,0.0,0.0,0.04772234273318872
59547eb835594b2c,66,150,48,4,7,5,False,9,7,5.726215971284769,10.720277482777433,1.6612348686396672,5,7,0,0,5,1.70112467434993,2.631290820603588,0.027502750275027504
5e7320acde0e667a,31,40,18,0,2,4,False,37,5,3.8811488826273113,7.214330209991177,0.7471938993948137,0,2,0,0,2,0.0,0.0,0.016706443914081145
6ec771e932a3dc62,104,211,36,6,8,3,False,26,12,6.240387782903168,11.537470610403819,1.8733715065118106,8,7,1,0,6,1.2786897088389688,0.8331075465089067,0.0
7730c0065d91bb75,26,109,45,0,0,0,False,36,36,26.730147010098417,31.835210146256735,1.174761688105067,21,11,5,0,0,4.7654968432305544,1.621245138870919,0.7509727626459144
7828455186fe7de2,83,160,32,4,4,3,False,34,8,2.557761334320772,8.871462361840992,0.3208118994847337,3,1,0,0,0,1.8514114254113163,5.9639732918992765,0.9751166407465007
7cd4a5bd39d70bf2,120,192,30,3,2,5,False,26,20,3.290095191115679,5.14498759121199,0.29014105588548994,12,5,4,0,1,5.083087460575279,2.9257709071578852,0.9662267080745341
7e019d5f96e54dbd,175,296,31,3,2,5,False,117,97,16.095699209400784,27.830462669578374,0.9152314669422148,41,18,23,0,1,10.963871698398176,2.4480026273404425,0.8287994196590497
9968f1eb8de52768,103,186,43,0,4,2,False,76,72,17.457428921219275,30.329826341454407,1.5971925271992131,31,37,25,0,0,9.808867049358774,2.2332815165237543,0.6396659707724426
9f2e6f3cfdd56afa,22,50,24,0,0,0,False,63,63,6.507103341481765,17.647507452638294,0.6655403753452797,36,30,27,0,0,13.734132306230807,4.355754264331178,0.9004850571115631
9f4e462059e1c869,80,137,36,0,5,6,False,10,2,8.821544992356634,14.61776276187393,0.7985827475435741,0,2,0,0,1,0.0,0.0,0.021148036253776436
a2da2388abab525b,93,190,36,2,6,4,False,144,143,15.134064553921828,26.598941666817556,1.3215796436154064,27,19,18,0,1,7.563940434051359,1.8280655397729904,0.7089036454804174
a329746010b7b601,36,59,16,2,0,0,False,33,3,3.6713032871303874,8.520861517269106,0.8964526275012024,1,3,0,0,2,1.8113630154704206,1.6866889967336043,0.04424778761061947
b52379584679d56e,88,197,48,0,3,7,False,76,9,13.187203245057304,22.011857391976864,1.4168951434671622,4,3,0,0,3,0.667921556866192,0.2818568339620105,0.19258202567760344
b5dbfb54f5715e4f,78,135,32,0,4,5,False,21,18,21.111934020867732,23.121652859295406,0.8152444591674031,9,7,4,0,1,14.8955176815309,2.556168097452446,0.8369341563786008
b7064e6685804821,742,1184,113,17,11,2,False,106,28,15.17297997421726,18.902367876556177,0.6820644013128626,16,16,4,0,2,13.609861368704772,2.7415169559014387,0.8518052057094878
bf888ce2b36e257f,109,208,40,2,1,2,False,33,29,5.8783634983517254,8.682409020766475,0.13637242232534463,38,11,9,0,1,5.103976882587246,1.895743525977118,0.9888119339371337
c143e21cbe93c256,88,144,44,0,6,5,False,42,41,9.638295860422435,20.057269849635837,1.4011485977683908,17,5,15,0,0,3.437488721728851,3.8150888178790194,0.6874255065554231
cbb1e190d7ea446,16,39,14,0,0,0,False,68,67,8.063123348457589,26.6133497778484,0.8005933481522598,63,5,8,0,1,4.149346522991134,3.28339309035375,0.8577105014191106
d05723952bd7bff2,56,126,24,1,2,1,False,61,47,4.201032506124414,9.811610372767708,1.8727851526011965,48,6,10,0,4,4.572851070098077,5.588867821015249,0.5857878475798146
d3dccf6626e0819a,82,233,54,1,2,1,False,81,78,27.399963534737527,30.211518532616378,1.2068900714641764,7,16,10,0,1,11.809069158887132,4.3611910393889,0.7408138101109741
d477092db5640711,58,137,44,4,1,0,False,71,71,16.20950109196719,29.296785533284346,1.2230801593273843,69,17,18,0,0,5.791046223462039,1.1506895646540312,0.7367139959432049
e0fa9150dfdb1a55,41,109,28,0,0,0,False,57,56,7.6368810015554365,19.98235650880738,0.5682939791499549,72,11,14,0,0,6.40876375728575,2.1937598913500937,0.9054054054054054
e175e68c2868c94c,36,111,26,0,0,0,False,47,47,19.92634541536526,30.632946563976308,0.7665062826992926,25,18,7,0,7,6.141603299875193,1.0828981224572012,0.7778487073092882
e2c7a8cffeb14849,111,202,34,0,6,6,False,8,8,12.130797192357857,22.8310360698895,1.7178080516772982,3,2,3,0,2,0.4313781989564016,2.0295626880683675,0.010355029585798817
e7dba5a1c74ebd31,179,298,66,0,10,9,False,17,13,19.384879031526307,21.527457801525323,0.4337329775446364,15,8,7,0,0,8.721218840869936,1.5908695825824164,0.9545454545454546
e92a2a12eae2bac5,32,97,30,1,0,0,False,89,89,11.667254950038828,28.750685393395788,0.9602101456621743,7,40,28,0,0,1.7210339338761398,4.500468874774832,0.8144285093437635
ef903b7abf6fc0fa,58,121,24,6,2,1,False,23,10,3.7974310616992955,10.270146354271688,1.4210924254807054,11,3,0,1,1,1.3741628848990168,1.9576399065895949,0.0
f0eac0d6ba962d9a,179,270,39,3,12,14,False,27,4,6.278400078782666,15.530916108710628,1.2416814333106267,1,2,0,0,2,0.8346537256778666,1.0038240265435479,0.0
f5255b409aa953e5,74,80,28,0,3,7,False,52,8,4.967205396738799,9.722309648724114,1.693714804625047,2,3,1,0,4,0.6111243475429888,0.8128090855886823,0.2427007299270073
1731cd77667acc22,81,172,38,1,0,0,False,149,147,10.676766655726155,25.74798533729354,1.5352128407054753,78,42,32,0,3,3.830119723075024,2.331334851183539,0.6538419259096405
1b867b29ea6e9190,32,54,14,0,2,1,False,143,15,8.008185531094181,11.944457683003304,1.6563631620675163,8,6,1,0,4,0.5632226371362661,0.8984940697559839,0.5681581685744017
1c989e31a19278dc,45,55,17,0,3,4,False,14,2,6.459008303220686,10.683323550129547,1.6848372012985078,1,2,0,0,1,0.7025388886902776,0.44037913223346775,0.04153354632587859
1f90e12d8faf2cfd,142,373,63,6,7,1,False,64,46,5.264957817059675,14.844380269222638,1.1451338148169954,54,11,5,0,3,5.773012001920557,3.6070258603792693,0.4088495575221239
25f57f7ef66cdfe6,75,76,32,0,5,8,False,23,2,7.139889002226455,10.6948718314653,1.646126634555299,1,2,0,0,1,0.8578469048834756,0.5375623595818908,0.033112582781456956
2bea07fe56941cff,62,99,28,0,2,0,False,77,6,6.351840461903064,12.608225119192536,1.7853097626856322,1,1,2,0,1,1.0641967583241612,10.0,0.0
3c5f08697c812169,183,329,47,3,8,9,False,44,19,8.641710044296051,19.43280299777508,1.8418474959999767,4,5,1,1,6,4.479530495487087,4.091855132311863,0.0
4379d0f2ea5c280a,36,85,24,0,2,3,False,56,56,13.977164070638068,29.533353256329374,0.9900682897280562,55,45,5,0,0,3.510608714142155,1.7633795293178371,0.7989240080699395
471f828d1efb344f,226,411,97,8,6,2,False,76,24,5.168836091340148,9.8540395264247,1.8349194360358672,14,14,2,1,14,2.187209422539801,2.8675310180207276,0.06676069581570286
482aaff4d9ac2591,95,142,37,1,7,9,False,22,5,5.157651995530594,10.541751226947804,1.3552943189587212,0,3,0,0,3,0.0,0.0,0.014285714285714285
4da6ed09b850802e,68,105,36,5,6,1,False,53,5,6.625064806574421,10.157506481612197,0.9903560082996931,0,2,0,0,2,0.0,0.0,0.5038759689922481
52a1ed83a4eb7be6,73,156,44,0,7,7,False,70,11,5.236052797359328,9.174373835687293,0.9326981308947141,2,4,0,0,5,3.0927811228333795,5.309275040667584,0.402676399026764
546d706d9c66dda0,253,397,92,3,14,4,False,60,11,3.532591550510236,5.925131903907282,1.5423647561927605,2,7,0,0,7,30.8372095707927,5.3877943363225755,0.08976833976833977
61971456e4796b97,35,84,23,0,2,3,False,71,70,14.020712772068851,25.59447889287355,1.1717814551490169,25,48,9,0,1,9.9604557695886,2.1062096899614584,0.6833749149466999
7ead84feeca5eb12,315,598,90,6,8,20,False,38,12,19.807324371885393,22.681025580488537,0.6047948537441741,5,2,4,0,0,3.175982256184236,2.155588964123526,0.8971539456662354
83add332a438dc74,101,217,53,0,0,8,False,103,103,16.299596632724345,29.983155707298565,1.1205949843313059,28,9,25,0,2,8.823215876010066,1.5049858260665396,0.7666294464826926
86f0438d0709e6af,64,136,32,1,1,3,False,156,146,14.0383773846919,19.291749311389882,1.2257398365979628,14,6,10,0,1,12.687311787304271,5.196637593054028,0.7331641616240484
95b3427306fdb8d2,34,87,24,0,1,0,False,58,57,9.949521342450195,26.877356596757558,0.8131119946673974,99,11,14,0,0,2.3351294988422437,2.991119706538404,0.8592866887546288
960b58e998837283,43,87,14,2,2,0,False,28,17,5.602230607299294,10.209880636148235,0.050647620074511304,12,4,6,0,0,1.7867233198398729,5.121552411667383,0.9693775100401606
9900e1cdd37e0e3d,20,69,18,6,0,0,False,43,43,12.962834560189304,28.380018327810397,0.8175050453177267,47,7,12,0,0,2.5231184156734736,0.8563264474021942,0.8579756226815051
9b25cb6d868f6aa3,25,88,18,0,0,0,False,103,103,16.790294339226275,29.157092960228677,0.9775980826719818,27,21,26,0,0,8.992654485680251,1.8558718080085224,0.8089989430771554
9f16727796ee6546,102,165,31,5,8,2,False,9,3,5.052621569668771,10.581062270138634,1.237314392732862,0,2,0,0,1,0.0,0.0,0.01050420168067227
a738ba76afc4ebb5,154,335,47,0,4,8,False,16,6,17.686224217759037,21.32996656411199,1.1132595115190755,0,2,1,0,1,0.0,0.0,0.7552182163187856
a82989ac7dc8a60,74,123,24,3,7,2,False,45,23,4.330816279820483,10.196116835590392,2.0195167580946847,11,6,3,1,3,6.9742008665297766,2.792689108953807,0.0
aa42eb11e63baa94,36,88,26,0,2,3,False,75,75,16.278405894034236,27.752324805593574,1.4278851109387192,27,62,10,0,3,12.009682071168196,2.2652129666341034,0.6192560175054704
ab1fed29a8241c0e,52,125,20,0,7,0,False,46,5,4.638515110945136,7.7600318699779045,1.1649030414262986,0,2,1,0,2,0.0,0.0,0.033419023136246784
af5679ec5ad874f0,232,427,75,5,9,14,False,81,36,19.63765010889236,21.520258187631242,2.3995909425927078,18,4,9,0,3,8.952461138185411,3.7191374356752585,0.0035175879396984926
b17899929437a761,265,471,57,4,2,10,False,88,59,12.63711692516092,21.325497965146695,1.657717731607032,20,7,8,0,2,9.094461678485924,3.8912891879971285,0.6240506329113924
b613321d18be72a1,40,73,20,0,3,1,False,35,19,6.604410678166052,11.338392143098863,1.856720966365312,31,6,3,0,2,6.953074716396194,2.84755983592572,0.0
bdfc063031819c79,87,128,36,0,2,3,False,22,12,19.867313443111303,22.63308043680211,0.3046474553552631,13,8,5,0,1,7.614944088226465,1.8696213029550068,0.9693218514531755
c31489c3ed81647e,230,367,34,2,1,4,False,63,12,2.4468395641498604,6.086545581316277,1.080673345249254,5,4,0,1,6,3.4964048652903195,1.9175904368900647,0.010752688172043012
cfdce528781c15dd,36,49,8,0,2,0,False,20,12,6.462719759878899,13.336722728334083,1.6395235306901967,17,6,2,1,2,8.209835725646817,3.999128630634968,0.0
e14401b73c625479,54,73,18,3,5,1,False,44,8,6.872180378091784,11.9477635251,1.4515935273426421,2,4,1,0,2,0.6637081226563503,0.4628320989478766,0.011795543905635648
e4c2e215182cf26c,49,101,20,2,3,0,False,36,25,3.416746991114996,7.5568147082150805,0.0878723890754491,29,2,3,0,0,10.10092432009332,3.84117780626616,0.9769462078182426
1181933ade327964,84,128,41,2,6,6,False,28,5,6.061350670976091,10.670192374499468,1.2239683046971945,3,2,1,0,1,21.301737241628093,6.805738870067308,0.015384615384615385
172d74da9ec4f191,69,118,28,0,5,1,False,42,6,5.641276508751809,9.892509225231708,0.7210874061692597,0,1,0,0,3,0.0,0.0,0.04076086956521739
1b8d1ad10f5faaac,125,188,30,3,8,7,False,19,6,6.414322381006166,10.678254889918213,1.212811757641344,0,5,1,0,4,0.0,0.0,0.106544901065449
22bb7b8a5a440146,82,116,27,1,2,2,False,17,2,3.9347082018885606,7.309161512311649,0.6557678002922126,1,2,0,0,2,1.6699177861537262,0.7802297965515873,0.07575757575757576
3271cbd440d1ceee,146,310,43,0,1,0,False,174,148,7.506109832782298,18.852614071886237,1.5889913262732231,29,27,21,0,12,11.714676811932566,2.62413311559784,0.07430150445194965
37fce125c09e3c42,92,139,36,0,4,6,False,23,4,6.239238635043621,13.615282010092656,0.80004775658219,0,2,1,0,1,0.0,0.0,0.02056555269922879
3e9f83c50aed1bc9,69,90,29,1,6,0,False,17,5,7.652179138045898,12.744937769096923,1.5867581281796936,2,3,1,0,1,0.5881403797952593,0.6767830175755737,0.2953271028037383
3ebe807c4df75997,61,82,25,0,7,5,False,29,6,4.2408134414147165,10.20503812772351,1.1568464041903443,2,4,0,0,4,1.0545129780895224,0.6697901404817953,0.017980636237897647
3fb2699042f43d52,18,55,22,0,0,0,False,62,62,7.858194816085173,22.762919459320738,0.7718101536315577,22,31,21,0,0,3.024616787818381,3.074295074941617,0.8694395374979926
429f79d85c5e2489,66,111,10,12,1,1,False,10,2,5.138566635566554,10.075426217287314,1.8996596161063497,0,2,0,0,2,0.0,0.0,0.12032085561497326
44560ffd91f7ad39,92,143,50,1,6,7,False,34,3,5.6904174707720285,9.3659633918964,1.475755138208085,1,2,0,0,3,0.8823250290911724,0.8523742921863048,0.02702702702702703
4d0fd53a21fde9f7,24,57,26,0,0,0,False,89,87,6.712551213139583,24.605476318975192,0.7121367661074705,49,36,18,0,0,4.469297589971828,3.0717654549678084,0.8874876009635823
5248ef7c117d5209,242,404,59,1,5,14,False,5,5,19.906792013845248,21.37426313124664,0.6864154479358715,3,1,0,0,0,0.8565707836687327,3.586467708376554,0.8950524737631185
544b5faf4452b2b,96,160,56,2,2,8,False,33,6,7.812647680106437,10.655101778743688,0.9916125029534644,0,2,1,0,1,0.0,0.0,0.25968109339407747
6c967e9f6ec88313,103,121,47,2,7,9,False,15,5,7.429535091946233,11.215721915251317,0.8361368582901484,0,2,0,0,2,0.0,0.0,0.023809523809523808
6f6449fb5b2e2cc,81,159,38,0,3,2,False,53,51,16.21829432555527,30.441502709838147,1.7506462558826035,20,31,24,0,0,4.408504388272047,1.0736413836585172,0.6080751827358162
71bb5b006c7a7978,35,95,26,0,0,3,False,65,65,17.029105154454086,26.578237498390283,1.1042310165680052,41,14,12,0,3,4.8896741279366,1.1816453842880899,0.7618831021150785
72face6636ba0b1d,118,150,43,3,11,7,False,21,3,5.8744452957718964,8.952752379498756,1.0457741156113167,0,2,0,0,2,0.0,0.0,0.2753246753246753
73d572e19cf2d473,19,73,8,0,0,0,False,47,47,30.085284084893527,34.252396236110116,1.1530243620876734,5,8,10,0,0,3.6943525127503007,2.148510483064809,0.7572089711641153
76abfafc4a782b1c,50,71,15,1,4,0,False,2,2,7.17047382384964,11.667517823654846,0.8625892221540478,0,2,0,0,2,0.0,0.0,0.1274787535410765
7d68db684fdfd289,83,96,46,0,5,13,False,42,15,4.012400813927847,11.78815385995407,1.488598601813519,8,5,1,0,3,8.55680439036723,5.037519966431773,0.23851417399804498
8095319e4d5024e5,94,203,30,1,7,0,False,31,22,6.8456205178785785,15.49160982916186,1.4432139054623825,37,7,7,0,1,4.200061285994415,3.070178489272929,0.6480938416422287
8793efa2f8718952,157,304,56,5,5,5,False,25,17,18.84776951855464,23.52357091241999,0.7071251428635861,15,9,1,0,0,9.882165341132984,2.55821582610622,0.8432876712328767
8dd866a01b57f40b,83,130,24,0,4,2,False,26,12,9.704668863936782,20.820117248827906,1.5359227602992929,10,3,0,0,3,0.6952299799510203,2.310800337280169,0.010843373493975903
8e92ca3f7a3a62d3,81,171,35,6,7,3,False,30,16,3.824353907280405,10.01851402844461,1.1753744783119093,15,7,2,0,7,2.0532720093450965,2.3407895398723157,0.10755813953488372
916493cc38e77e0a,38,102,27,0,0,0,False,71,70,5.30993682583903,19.151081767949794,0.4400767873221961,44,11,22,0,3,3.3564753130692613,1.4765393704550525,0.950388334125852
a1d34fc44b18d81a,78,67,33,2,5,5,False,19,3,8.453592838241745,15.14990491876572,0.7227679245750375,0,2,0,0,2,0.0,0.0,0.10526315789473684
a52a8aca1b06d83f,36,87,24,0,2,3,False,74,74,10.448631763291191,23.81985451372379,1.066442793676403,72,48,11,0,2,7.208432570076287,4.479111083024291,0.7437005039596832
a6c2586c75e99d82,49,101,20,2,3,0,False,47,30,5.643499549963744,10.267771481291954,0.6220954054125122,78,5,7,0,2,6.997489597279617,2.7106655425472783,0.8963029756537421
a7545087f82dafeb,201,387,48,3,5,7,False,52,30,8.888800091196337,16.93141711254922,1.191111032118578,87,9,10,5,1,2.657811244141655,3.9296381650774252,0.7074468085106383
b15ba9f872fde55c,73,152,24,0,0,1,False,49,49,21.647482835895968,27.092928871144093,0.28564205454592834,45,11,11,0,0,7.067089144399041,0.6832652988504809,0.980039482342619
c0c8043edff2bd69,71,147,24,1,4,1,False,139,121,13.038846089081085,25.71310094553735,0.8914905632904693,12,23,27,0,1,21.7331385289646,5.213167485251318,0.829709195703432
c687f2fb0d58bc1b,45,96,29,0,0,0,False,49,47,11.124441721739132,17.835637714178805,0.5187293213378713,44,14,13,0,0,9.71297570866011,1.4229394801546447,0.9367987176551408
c97dbd8d47fa1ca5,38,87,22,0,0,1,False,52,50,13.96181371029856,24.920652398772763,0.9986840415205649,30,14,20,0,0,8.271542587166898,1.4872595254361427,0.8026519337016574
da526f0070352192,69,136,35,0,3,5,False,3,3,20.155663031588663,20.47758922215457,0.5780707037697741,0,2,0,0,0,0.0,0.0,0.9230769230769231
dbfb3705f32b1f2e,135,246,53,0,7,8,False,43,42,16.402279021604116,22.199240128962487,2.1620762433322938,25,6,12,0,1,6.1096512517740305,1.599706694656358,0.5238278247501922
de3bae4bfb6e7c48,93,121,60,0,6,10,False,2,2,7.25089416031796,11.180159158132911,1.3995551920234135,1,2,0,0,2,1.8868433929914954,2.5723461614540173,0.24853801169590642
e50e39ac3b7e8cc9,112,145,50,0,9,9,False,17,3,5.420282771966636,8.984041008792717,1.284213930747755,1,2,0,0,1,0.8643725840681667,1.4566262068816913,0.17956656346749225
f8c09a13ee393b21,173,260,53,5,9,5,False,43,5,8.605415308039394,19.0793646612338,1.4861011222636642,1,2,0,0,2,0.9073508464629404,2.214768759781219,0.44148936170212766
11861c6c5d9efebd,122,232,38,6,8,3,False,17,8,5.7832909307692795,10.775001965590002,0.8359410020923994,4,5,0,0,4,2.1457424938016034,4.258832820556863,0.34050179211469533
13b5aa92c58a08a5,54,117,24,2,1,0,False,49,16,19.56300816836149,25.445955681960665,0.6586996561086075,4,4,2,0,3,1.2627510591076765,0.212593101770812,0.9025755879059351
14816378d02555df,95,207,32,6,7,1,False,34,16,4.027373144229055,11.424789025067543,1.945896870448497,24,10,4,0,4,7.3807502490063355,3.933768660779078,0.00667779632721202
2063f1d52629f2b7,117,178,46,0,1,9,False,43,10,4.266229819561424,9.185072597659072,1.7323477574902135,3,5,1,0,5,1.947916243755478,6.836229828250345,0.03288672350791717
20ae0871e1ea6c92,70,136,33,2,2,3,False,8,8,10.198005620225779,23.063765140913798,1.4395412088846657,0,4,1,0,3,0.0,0.0,0.012841091492776886
218a705aedd42af0,73,172,30,0,0,1,False,217,217,19.540345581844207,29.644116984001315,1.8753682295984648,20,13,12,0,0,7.1175171680122045,3.7241533990843037,0.5858900482790843
226ec01480b0c539,33,75,18,0,0,1,False,59,59,12.37506475193149,21.33868154435391,1.1114140682877858,32,11,18,0,0,4.061047627892662,1.4585206517298055,0.7691530220335557
29260c49c19961d1,211,357,54,3,2,8,False,20,15,20.706983522804993,24.256619416319012,0.5502517758466907,11,8,4,0,0,2.3650319719448407,1.9639991886678105,0.929786066922655
2f9c50c92738ee73,152,258,30,5,6,7,False,9,2,6.389520746649589,11.343274441995996,0.6108731703736314,0,1,0,0,1,0.0,0.0,0.027848101265822784
30bf4cc3c242b9c4,122,227,24,3,1,4,False,31,3,3.836599489726589,7.069640455366377,0.9792934110789488,1,2,0,0,2,1.6982635241327158,9.07214564485149,0.3924050632911392
3874a889c613def0,68,137,17,0,1,2,False,19,13,2.4983850626724853,3.483891587364254,0.5461333702696692,22,3,3,0,0,3.302978591735661,4.527714357467153,0.9310816978548608
3c02050c76f1024d,120,159,41,0,6,6,False,22,15,17.161700601229267,21.243166082973897,0.8678560714271316,7,4,4,0,1,1.5117654904686226,0.3575178726985522,0.8028268551236749
4065b2f4cf2defa1,45,88,28,0,3,0,False,9,7,5.473658743008282,11.138234576834948,0.5022354420697513,0,4,0,0,3,0.0,0.0,0.7524613220815752
44c7962b7983b4f7,40,123,27,0,0,0,False,44,44,23.089872375305088,30.641419038108292,0.7213847516410936,29,24,13,0,0,6.166708401019823,1.3209165561009981,0.8807495741056218
454dd15f892d8bba,116,163,36,1,4,4,False,60,44,3.991951762457389,7.211912851184717,0.5184993788831266,66,4,4,0,0,6.000095577651265,2.951007114788263,0.9306870844247431
4d59940ed2422298,117,307,46,1,0,0,False,112,98,29.011169408486236,33.23875622918014,1.2730911924377417,3,18,13,0,3,1.2218113986362027,6.699830171103564,0.7117544297479411
518d25902f0d95,98,169,17,4,5,3,False,40,21,4.111764465193743,10.55074686046929,0.9918148285067988,18,5,3,1,5,3.2572718951744006,4.572584259904598,0.7313778463913547
51a711a0c4613bb1,200,322,44,4,2,12,False,54,23,11.725121151372598,18.840004944195776,1.5438040321431123,9,17,3,1,5,7.606105684839682,4.091138602221653,0.0022459292532285235
565c1c1b6e031c2e,30,89,30,1,0,0,False,79,79,10.130683331599872,27.032747921723484,0.8694488690583161,56,42,26,0,0,8.256042522434399,1.9478143043097613,0.8417071853052404
575b69df420671b9,90,200,33,6,6,1,False,51,33,3.238443182221898,9.69254005554189,1.36852171360422,26,16,8,0,8,9.524191308011165,5.017687497289243,0.2775052557813595
5d4b948d2805140,135,172,30,0,3,9,False,15,2,5.06269088638255,7.9112476310466215,1.2481821918980995,0,2,0,0,2,0.0,0.0,0.2899728997289973
64ab59a734dcb6d2,45,116,16,1,3,4,False,57,50,4.278784298804153,16.08004295767874,1.0456877872222288,28,6,8,0,0,14.209641115236703,5.901134493866023,0.7895167895167895
6914ba23c5ffd8b4,313,486,61,4,3,2,False,59,10,7.541097723413242,19.593892515321066,1.685493972939782,3,6,0,0,6,1.0742464742830136,0.6576328846765889,0.03542857142857143
69f27ebbddb99b2c,97,175,43,5,5,4,False,48,43,5.195700644860629,19.38922843848715,0.7707168269066383,24,6,7,0,1,13.802898443741872,3.0008650620709076,0.8651172893136403
6b1c1b106c54e11d,101,156,21,0,4,7,False,44,25,14.012727474545132,19.60455904507299,1.2070073956074447,25,10,9,0,1,1.0732730903529075,1.1919590278705074,0.738488271068636
7378cc0558a60324,205,349,59,4,2,8,False,46,27,15.522344912064403,19.28948866850399,1.307960035584251,39,4,4,0,1,2.2148828504090887,0.8715121386454165,0.687172150691464
73ad43e6e01e73f8,126,214,23,1,2,4,False,54,44,11.82022384851405,19.125758992209555,1.8847219916748896,40,14,9,0,0,2.287261317453126,1.4049368631378685,0.5830444374409076
76e95e0c2da576e1,242,302,81,4,2,2,False,45,26,14.550965207899061,20.629567333647486,1.3336977686888287,27,3,5,0,2,0.9196859286014152,2.5126460266176194,0.649316851008458
7b71b78b8153f8d1,45,64,22,1,5,1,False,35,8,8.434008141755111,11.229241814254259,1.617982627565753,10,1,2,0,1,0.4215979598205494,1.3288754729459795,0.6318407960199005
7bce51789156e48,81,135,34,2,7,7,False,4,3,10.38741174177037,12.852049962963736,1.0731669527492038,2,3,0,0,2,0.4998336563625554,0.6155531238324576,0.21867321867321868
8132c0f45ff3778e,32,55,18,2,0,0,False,26,3,4.666574571053978,9.045726410299691,0.9956473219542358,0,2,0,0,3,0.0,0.0,0.030232558139534883
8cc400e8c96c5bdf,276,463,71,4,6,5,False,36,30,18.367291353002646,20.90347381980769,1.048340871386302,8,9,5,0,1,4.1326755091298875,2.9892121062121033,0.7674208144796381
914876b02c6e0598,71,141,36,0,3,5,False,17,17,20.8756967415736,22.417606321590043,0.36150554021047,8,11,5,0,0,3.0560170555487804,2.6703531472339854,0.9683944374209861
a235613263c2ce0f,95,124,46,0,7,6,False,27,3,6.0131660383469905,7.841192361279217,0.8370847419621991,0,2,0,0,2,0.0,0.0,0.05721393034825871
ae29db78b72cdeab,91,177,39,0,4,2,False,52,52,17.1022028611916,31.218916397336336,0.9736381265033145,29,26,13,0,0,1.5851644484590595,0.7859947606387125,0.8117200217037439
b3b7cada9aab2fad,64,173,39,1,2,4,False,47,47,25.6826699662919,30.289106811327635,1.3194270768778469,14,28,18,0,7,11.058569745837028,0.21260006113197366,0.5485584218512898
b65e4295a6afd74d,92,141,42,2,4,3,False,54,54,6.706531378058092,9.88439379654807,0.5837913795812267,42,12,10,0,3,12.476711492500892,6.353898368584446,0.9056313665193158
c1689f1b159ec27b,101,199,36,6,8,3,False,31,17,6.435930704344831,11.738651907172137,1.0448561285687699,3,8,3,0,6,1.6629046534714682,1.635979459393704,0.13154069767441862
c9a9be857ebe5650,96,144,35,0,4,4,False,26,25,6.132660035843779,8.619450516803967,0.5090310059775884,22,6,7,0,4,8.66752549909598,3.2987152992454956,0.8977777777777778
cfd17caa4758dbf8,68,163,20,0,7,0,False,129,129,16.704611312831986,29.207353618236272,1.1444279070366519,28,17,24,0,0,4.162879415857488,1.5404333701487043,0.759819903741655
d353400fccc8032a,32,90,26,0,0,3,False,63,63,17.184128397838034,28.78062189157646,1.1718505007138325,19,14,16,0,0,8.434133224156191,2.5242170586704105,0.7489597780859917
d3601494341b106b,186,325,31,4,4,5,False,90,33,14.29010631321492,17.942761489448788,1.3643541112999678,18,23,7,0,4,4.3967222756285675,0.3799669900586469,0.5416178194607268
f1cf1640503de2d0,96,155,29,5,6,2,False,15,4,6.275652160846359,11.308054534887654,1.0649103606842065,3,4,0,1,2,1.1207182484876341,1.2745182786258022,0.13356164383561644
f5340b3e77bc08e0,222,388,73,3,6,4,False,25,24,18.190728801333105,22.77615538748992,1.1031297835996843,10,6,4,0,1,8.519269037697045,2.521600849044669,0.7357102433503112
f80e3bccd74afe00,78,198,18,1,8,0,False,6,6,9.457620286898175,14.195944528899163,0.7412699462588714,2,5,0,0,5,1.337500091054519,0.2773986737849553,0.4486873508353222
f99cb0606af2f1cb,103,158,36,0,10,1,False,62,13,12.318805821608757,15.79626796636326,1.552400835605322,4,1,1,1,1,21.133014673531864,7.16199203132339,0.007847533632286996
fc1c481a2622d234,74,124,38,5,6,3,False,50,5,3.9169976794091936,9.218172780075628,0.8657787877949339,0,2,0,0,2,0.0,0.0,0.011904761904761904
10aff896fd4a98b,154,300,46,3,4,1,False,38,20,14.431661258454966,17.03001447666987,0.9443179156088897,9,7,4,0,1,6.013078322977232,2.4484844859186445,0.7914003486345148
12474cdc692deea,56,145,44,1,0,1,False,81,81,23.49226224697031,29.536467916468094,2.0351835289311495,11,13,21,0,0,12.174920358271605,1.08573121663153,0.5604685212298682
136080328c1c28a3,141,303,94,0,3,31,False,79,5,6.855485632861535,10.119712650022025,0.6976403651752588,1,2,0,1,3,1.5921730803960645,4.044984131626626,0.1989247311827957
19dc5b6a2bb6203e,170,356,39,7,6,3,False,40,28,19.013605805468053,22.22869111982196,0.945554957627592,19,5,6,0,0,12.163017014515539,0.8249154484885135,0.8166739415102575
1c18cfee63e424b2,102,201,27,1,3,2,False,28,14,9.864345402374495,14.441612589792072,0.7235691184709125,12,7,5,0,2,5.442604202629162,1.4334070241258772,0.8305295950155763
1f4cd0a502318b49,173,296,40,5,8,13,False,36,4,3.7247160600645004,9.192312122195956,2.3548036903555323,1,2,0,0,3,2.3617441934346823,1.0643026075037902,0.224105461393597
2000bb47aab15670,17,66,8,0,0,0,False,112,110,25.597605438541265,30.683136052052305,1.5414415824532879,6,19,12,0,0,12.311662625808083,3.4586667508528497,0.6524253731343284
235639a59db65f89,127,227,30,0,2,2,False,51,48,10.566800683587461,19.095555182720165,1.5302706904373622,27,10,15,0,0,6.5747647885,4.751894087807426,0.6381562099871959
23d09b20c4374efe,26,48,28,0,2,3,False,69,7,6.777353459790227,10.462686040897356,1.0732328481332605,0,2,0,0,2,0.0,0.0,0.029055690072639227
27035e59a3bbe613,109,186,28,0,2,6,False,123,20,16.023853702854357,22.475195157468214,1.4393841881852218,3,3,3,0,4,0.38782107863477594,0.3170825428342399,0.0260707635009311
296ab614e99b7836,59,80,24,0,3,0,False,51,10,7.676806222494219,15.9240075336968,1.9781637270289512,6,3,0,0,4,10.824125564978289,3.6608624783736174,0.012693935119887164
2a8e00cb944beb41,56,83,32,0,5,6,False,45,5,5.22595304676557,10.595097078147333,1.3996147120886056,2,4,0,1,4,2.211450341586214,10.0,0.03413654618473896
33a88232e04d0253,105,110,49,0,8,9,False,44,3,7.1628601825981475,11.1832950825791,1.3765466136621332,1,2,1,0,2,0.8388024507973603,1.496835813489951,0.25742574257425743
35c93a73700844cd,138,262,15,8,9,1,False,64,22,6.8903152118173905,13.980656381679415,1.3669104763406519,14,4,2,0,4,1.1732862304600542,2.114314803824578,0.08842105263157894
382348523996862d,53,119,15,1,3,2,False,80,34,4.955257698199789,9.690036981921361,0.6982613408207528,26,16,9,0,2,6.801490010909991,1.5868608616496607,0.8501003152765836
3ce913cbb9447cd1,192,300,52,8,2,3,False,99,99,14.85342003581525,29.37384927135419,1.1475576156342655,70,45,35,0,0,3.999004422689687,1.3004642465968437,0.7589448150394178
52c961471ee5ddb,80,148,34,0,3,2,False,51,51,15.598588037387668,29.81703687151827,1.1056529682020653,36,28,17,0,0,9.792780068161333,2.5368011034601974,0.7716273442226256
5720da2b0cfa888c,77,143,32,5,8,0,False,70,4,5.193174719069874,7.879424768835285,1.4516999526597776,2,1,0,0,1,0.7536653494272971,0.7267910769423523,0.015209125475285171
5b7564fcff607d8c,152,290,36,6,9,6,False,80,6,9.11884368887131,16.626606911001048,0.8824323154337755,0,3,1,0,2,0.0,0.0,0.031496062992125984
63ce781bebdcc9ac,54,119,21,0,2,0,False,136,127,5.778365309966211,17.691810934102378,0.6402113515747546,56,14,19,0,0,4.914719992393681,3.37930036402047,0.8980281175826182
68d821e7f5afce54,258,455,75,12,5,7,False,33,5,16.33819573292335,18.19300192893051,0.18085756862634525,1,4,1,0,1,60.0,0.24745934403685135,0.9572538860103627
6c9618b611c279fa,128,342,61,6,7,2,False,49,47,7.232406464231204,13.355560461668647,0.7720430091178639,47,28,8,0,18,6.992408610659554,1.7606514010564427,0.4083623693379791
72865650078932be,104,152,41,0,5,6,False,19,6,9.092098327401333,20.04735010967197,1.7085449308621299,0,2,3,0,2,0.0,0.0,0.11027190332326284
7410946c75a41a04,41,109,30,0,2,4,False,48,48,21.56760550001217,29.193424295368676,1.2510245228862928,9,35,9,0,9,2.445624994386307,2.3641861404876194,0.5524712254570074
7ae1b9453c1b3360,150,216,19,2,0,9,False,9,5,7.317691438708508,13.383604877575557,1.3827118545727926,1,3,0,1,3,1.3654819674400704,0.6764924852425676,0.06192660550458716
7ccafc01f9a6e443,8,17,8,0,0,0,False,25,25,10.920192535026413,16.609727600662097,0.04350335309445655,24,15,5,0,0,8.913825781063808,3.801328150168269,1.0
7e26abf0ac675d9f,20,62,8,0,0,0,False,98,98,22.770242612469943,31.98557602539175,1.485473880613498,22,41,49,0,1,4.328394357079491,2.2161957398609773,0.6532590759075908
7ff1c501e1c3ffda,70,121,27,0,3,3,False,26,21,21.46731333449249,25.179564559451755,0.8568127680684912,12,3,5,0,0,3.7094163332825514,2.6714788553218303,0.8463911165946947
87ca9b0f929a6c54,153,275,46,0,9,7,False,23,14,12.178636269688164,20.259293106090254,0.6348710405637948,7,7,6,0,1,1.8214838418584158,0.8455685958952727,0.8979734451432565
87db2099949e3154,75,195,36,5,8,0,False,11,8,5.524663840609842,12.529157297152695,1.076568228051017,4,6,2,0,4,18.16036562745348,7.740536557699896,0.43091787439613527
94c80930ec01ec1,81,120,33,0,4,0,False,54,19,15.958307835694375,20.861902922818338,1.5202313620889538,9,4,5,0,2,0.8175980959376887,0.34594097338797863,0.6013779527559056
9611d774f7e3e3ab,64,136,21,1,2,1,False,71,64,7.221431204478823,11.918272007897706,1.8621141090623552,40,15,22,0,1,6.146049981166988,3.2448900050690113,0.5861187573731813
99b6f06e3a8e24ae,193,313,59,3,7,12,False,14,6,10.555017994507601,15.752990511030589,0.8701207320403639,0,2,0,0,3,0.0,0.0,0.034403669724770644
9a5dc174805e1ff2,30,93,30,1,0,0,False,69,69,11.40551992318271,29.068125065846832,0.9064108869299548,56,36,30,0,0,5.9378272679987285,2.181994599129106,0.8308301699950487
9dd6aaf637ffcea2,98,156,30,3,5,10,False,21,6,5.121585479320584,8.70793435343688,1.362795409190895,1,2,0,0,3,1.5344134581017166,2.660077319057873,0.28804347826086957
a1efece6c3796014,166,300,48,0,9,8,False,19,12,19.88536777915255,22.399970848124266,0.8173650982641075,6,3,4,0,0,11.219559254562043,0.22936357838788687,0.8341915550978373
a26ee44d006b1c77,206,369,88,0,8,15,False,17,10,18.758420705011385,22.43041532364751,1.2413471010725325,0,1,3,0,0,0.0,0.0,0.7236363636363636
a7f0d6c9a7130594,385,551,93,2,7,19,False,73,22,17.500771306295448,22.866108598440448,1.1639960472612092,16,7,5,0,4,4.904960071974913,1.5253732607794066,0.7186666666666667
b1d8c25228794ecc,19,48,7,0,0,0,False,53,53,10.081983364594487,13.578288269613777,0.10910237938602438,46,32,7,0,1,1.7966224062726777,1.242816273221852,0.901707779886148
b85ce0b816088a15,44,72,17,0,6,0,False,23,4,4.193646039022967,7.828134152222421,1.6614346482262479,2,2,0,0,2,1.3151222645026057,8.214818916402443,0.012704174228675136
bbf21beef7410bf3,21,46,8,0,0,0,False,33,31,4.057602239009275,14.576628037902472,0.7336444546502557,19,5,3,0,0,11.746073499905734,4.867861629576789,0.882118875901517
bf124d587a57ed0d,20,42,4,0,0,0,False,34,28,7.455200653885977,18.50022886516581,1.350171261399126,39,10,8,0,8,1.8708615607763268,2.956394408736625,0.3742824339839265
c074236bd6f81c76,206,422,74,6,12,1,False,68,22,13.767767433619538,17.526429729631523,1.4716669037634278,36,5,4,1,2,4.029677263297167,1.299317186560317,0.651685393258427
c2ff029470c3ea8a,37,96,10,3,2,2,False,92,10,3.303584314752039,7.532344058018182,1.2359890472485358,0,2,0,0,3,0.0,0.0,0.2585034013605442
c4513142990eb1da,45,117,51,0,0,0,False,23,23,21.41253710675522,34.07707704626508,0.8414807787400487,13,14,5,0,8,1.6867687207061266,0.9850909620886927,0.05227743271221532
c4d55d23de8fd419,188,330,30,5,5,5,False,23,6,10.030627244275987,15.41389109479401,1.0344603229435112,0,4,0,0,2,0.0,0.0,0.0299625468164794
cc3ebcaf87dd0213,93,188,20,0,5,7,False,13,12,11.141556521374463,23.126207942947826,1.756683241923021,10,3,2,0,3,7.150072296574365,4.323120871639044,0.0
cda915d8869235bc,46,129,32,0,0,3,False,68,68,16.58805264405282,26.927496527355185,1.0292697336565702,17,13,14,0,3,7.015323972687619,0.37783127350237583,0.7556695464362851
d9b87c38f7318c1e,67,221,39,0,0,0,False,59,59,28.406296592462343,33.9459190962697,1.2679317860949706,7,18,23,0,7,2.018933228797136,1.613204458310684,0.4554030874785592
da0ae7f2d8ec425d,43,64,27,1,5,1,False,29,7,6.1982429962843,10.569065229337804,1.5927569373630088,1,2,1,0,1,0.33889516841679407,0.3061138683430135,0.0
e5432640d6e8421c,78,233,48,9,3,0,False,42,40,15.505146609421152,19.925326869887595,2.5407377173187293,4,18,6,0,10,2.906001893056911,0.4045605418279915,0.04162936436884512
eecf9b88e5db58b2,301,440,73,12,7,13,False,86,20,12.73186738447404,21.231506939923094,1.5513957784523227,16,8,4,3,7,4.5555056189025604,2.7446302530745794,0.528146742567995
eefb1d6809fd0409,35,85,15,0,1,0,False,75,9,13.837260213779517,17.814459034203896,0.5355063224287838,2,1,1,1,2,0.9715657143319338,10.0,0.8407079646017699
f05cd7bc33c8a41f,204,351,36,3,2,13,False,14,6,8.353996779059512,11.356128866440327,0.9885440679791098,0,1,0,0,2,0.0,0.0,0.019753086419753086
f76eb74df7e3315c,80,185,17,3,7,1,False,78,11,7.5836003342850855,11.588433080508512,3.020677434395954,7,5,1,0,4,0.43311895785663007,0.6717321987180058,0.01706036745406824
f844517b331d6ec,151,268,52,1,5,15,False,96,10,4.358555623922668,10.650688948622324,1.2669711150364282,0,4,0,0,6,0.0,0.0,0.02599009900990099
fd0f11baf44c4463,15,67,13,0,0,0,False,44,44,31.750683708095778,36.33330117886296,1.5409898422655868,10,4,5,0,0,7.773581974207323,4.101318129847178,0.6525198938992043
feb96d3bf105c350,43,108,25,1,0,0,False,17,17,9.123178805793234,15.319339115184452,1.5793064564701265,4,14,3,0,6,2.0823779795801234,2.7465820978400046,0.1175311884438608
